[
  {
    "id": "5aa965c2-22d8-4ef5-8007-710b8c4b4bbf",
    "data": [
      {
        "text": "I want to book a ",
        "userDefined": false
      },
      {
        "text": "flight",
        "alias": "travel_option",
        "meta": "@Travel_option",
        "userDefined": true
      },
      {
        "text": " from ",
        "userDefined": false
      },
      {
        "text": "Chicago",
        "alias": "source-city",
        "meta": "@sys.geo-city",
        "userDefined": true
      },
      {
        "text": " to ",
        "userDefined": false
      },
      {
        "text": "Los Angeles",
        "alias": "destination-city",
        "meta": "@sys.geo-city",
        "userDefined": true
      }
    ],
    "isTemplate": false,
    "count": 0,
    "updated": 0
  },
  {
    "id": "23b8fa96-6557-4e38-9089-8c9e7ff026b7",
    "data": [
      {
        "text": "I want to explore tourism options in ",
        "userDefined": false
      },
      {
        "text": "Las Vegas",
        "alias": "destination-city",
        "meta": "@sys.geo-city",
        "userDefined": true
      }
    ],
    "isTemplate": false,
    "count": 0,
    "updated": 0
  },
  {
    "id": "05721d82-7dde-45a3-b076-3cb78085c942",
    "data": [
      {
        "text": "Help me with travel options from ",
        "userDefined": false
      },
      {
        "text": "Las Vegas",
        "alias": "source-city",
        "meta": "@sys.geo-city",
        "userDefined": true
      },
      {
        "text": " to ",
        "userDefined": false
      },
      {
        "text": "Brooklyn",
        "alias": "destination-city",
        "meta": "@sys.geo-city",
        "userDefined": true
      }
    ],
    "isTemplate": false,
    "count": 0,
    "updated": 0
  },
  {
    "id": "e69a733a-763b-4a1e-b542-13ff07e9aa65",
    "data": [
      {
        "text": "Travel guide from ",
        "userDefined": false
      },
      {
        "text": "Chicago",
        "alias": "source-city",
        "meta": "@sys.geo-city",
        "userDefined": true
      },
      {
        "text": " to ",
        "userDefined": false
      },
      {
        "text": "Boston",
        "alias": "destination-city",
        "meta": "@sys.geo-city",
        "userDefined": true
      }
    ],
    "isTemplate": false,
    "count": 0,
    "updated": 0
  },
  {
    "id": "f82efbaa-0b06-4c41-a983-d16bd8ff4a29",
    "data": [
      {
        "text": "I want to travel via ",
        "userDefined": false
      },
      {
        "text": "American Airlines",
        "alias": "airlines",
        "meta": "@Airlines",
        "userDefined": true
      },
      {
        "text": " from ",
        "userDefined": false
      },
      {
        "text": "Los Angeles",
        "alias": "source-city",
        "meta": "@sys.geo-city",
        "userDefined": true
      },
      {
        "text": " to ",
        "userDefined": false
      },
      {
        "text": "San Francisco",
        "alias": "destination-city",
        "meta": "@sys.geo-city",
        "userDefined": true
      }
    ],
    "isTemplate": false,
    "count": 0,
    "updated": 0
  }
]