[
  {
    "id": "f55ea688-411d-4b99-8e2a-80bdacb6bd34",
    "data": [
      {
        "text": "I want to book a ",
        "userDefined": false
      },
      {
        "text": "uber",
        "alias": "Cab_vendor",
        "meta": "@Cab_vendor",
        "userDefined": true
      },
      {
        "text": " ",
        "userDefined": false
      },
      {
        "text": "cab",
        "meta": "@sys.ignore",
        "userDefined": false
      },
      {
        "text": " from ",
        "userDefined": false
      },
      {
        "text": "San Francisco airport",
        "alias": "Pick-Up-Location",
        "meta": "@sys.location",
        "userDefined": true
      },
      {
        "text": " to ",
        "userDefined": false
      },
      {
        "text": "Parker guest house",
        "alias": "Drop-Location",
        "meta": "@sys.location",
        "userDefined": true
      },
      {
        "text": " at ",
        "userDefined": false
      },
      {
        "text": "5pm",
        "alias": "time",
        "meta": "@sys.time",
        "userDefined": true
      }
    ],
    "isTemplate": false,
    "count": 0,
    "updated": 0
  },
  {
    "id": "9e4944cc-ce60-4b78-8a57-6993220c6f3a",
    "data": [
      {
        "text": "Cab Service",
        "userDefined": false
      }
    ],
    "isTemplate": false,
    "count": 0,
    "updated": 0
  },
  {
    "id": "b55f0b20-4f1a-4ca8-8fd8-e7f1ed461fd4",
    "data": [
      {
        "text": "I want to travel to airport using ",
        "userDefined": false
      },
      {
        "text": "Lyft",
        "alias": "Cab_vendor",
        "meta": "@Cab_vendor",
        "userDefined": true
      },
      {
        "text": ".",
        "userDefined": false
      }
    ],
    "isTemplate": false,
    "count": 0,
    "updated": 0
  },
  {
    "id": "78685170-3d8b-4be0-8193-034dfa388291",
    "data": [
      {
        "text": "Show me some Cab details",
        "userDefined": false
      }
    ],
    "isTemplate": false,
    "count": 0,
    "updated": 0
  }
]