[
  {
    "id": "0adaf6de-6a16-45f4-9a4c-ec6b13a53de6",
    "data": [
      {
        "text": "I want to book a ",
        "userDefined": false
      },
      {
        "text": "flight",
        "alias": "Travel_option",
        "meta": "@Travel_option",
        "userDefined": false
      },
      {
        "text": " from ",
        "userDefined": false
      },
      {
        "text": "Chicago",
        "alias": "source-city",
        "meta": "@sys.geo-city",
        "userDefined": false
      },
      {
        "text": " to ",
        "userDefined": false
      },
      {
        "text": "Los Angeles",
        "alias": "destination-city",
        "meta": "@sys.geo-city",
        "userDefined": false
      }
    ],
    "isTemplate": false,
    "count": 0,
    "updated": 0
  },
  {
    "id": "c84cdc89-7b6e-419a-ad34-1dfa94ced4ef",
    "data": [
      {
        "text": "I want to explore tourism options in ",
        "userDefined": false
      },
      {
        "text": "Las Vegas",
        "alias": "destination-city",
        "meta": "@sys.geo-city",
        "userDefined": true
      }
    ],
    "isTemplate": false,
    "count": 0,
    "updated": 0
  },
  {
    "id": "c919c601-43f8-409e-91e8-d46372754d45",
    "data": [
      {
        "text": "Help me with travel options from ",
        "userDefined": false
      },
      {
        "text": "Las Vegas",
        "alias": "source-city",
        "meta": "@sys.geo-city",
        "userDefined": false
      },
      {
        "text": " to ",
        "userDefined": false
      },
      {
        "text": "Brooklyn",
        "alias": "destination-city",
        "meta": "@sys.geo-city",
        "userDefined": false
      }
    ],
    "isTemplate": false,
    "count": 0,
    "updated": 0
  },
  {
    "id": "1aa45b11-4900-4461-9857-4246591f84d5",
    "data": [
      {
        "text": "Travel guide from ",
        "userDefined": false
      },
      {
        "text": "Chicago",
        "alias": "source-city",
        "meta": "@sys.geo-city",
        "userDefined": false
      },
      {
        "text": " to ",
        "userDefined": false
      },
      {
        "text": "Boston",
        "alias": "destination-city",
        "meta": "@sys.geo-city",
        "userDefined": false
      }
    ],
    "isTemplate": false,
    "count": 0,
    "updated": 0
  },
  {
    "id": "e71ad0c0-7534-4f4b-b5ce-0b3b92a77269",
    "data": [
      {
        "text": "I want to travel via ",
        "userDefined": false
      },
      {
        "text": "American Airlines",
        "alias": "airlines",
        "meta": "@Airlines",
        "userDefined": false
      },
      {
        "text": " from ",
        "userDefined": false
      },
      {
        "text": "Los Angeles",
        "alias": "source-city",
        "meta": "@sys.geo-city",
        "userDefined": false
      },
      {
        "text": " to ",
        "userDefined": false
      },
      {
        "text": "San Francisco",
        "alias": "destination-city",
        "meta": "@sys.geo-city",
        "userDefined": false
      }
    ],
    "isTemplate": false,
    "count": 0,
    "updated": 0
  }
]