[
  {
    "id": "5ba9675c-8f1b-45e6-9e4f-3f33d1a89362",
    "data": [
      {
        "text": "salutations",
        "userDefined": false
      }
    ],
    "isTemplate": false,
    "count": 0,
    "updated": 0
  },
  {
    "id": "b8608083-b35c-4534-b537-a71097c54023",
    "data": [
      {
        "text": "rebonjour",
        "userDefined": false
      }
    ],
    "isTemplate": false,
    "count": 0,
    "updated": 0
  },
  {
    "id": "09ee8a97-68fd-4ec2-b6d4-9cf4a9b34892",
    "data": [
      {
        "text": "bonjour à toi",
        "userDefined": false
      }
    ],
    "isTemplate": false,
    "count": 0,
    "updated": 0
  },
  {
    "id": "d43385d8-bd34-48ba-ac71-dd4835ca9551",
    "data": [
      {
        "text": "re bonjour",
        "userDefined": false
      }
    ],
    "isTemplate": false,
    "count": 0,
    "updated": 0
  },
  {
    "id": "725b1018-f65b-4ab3-8b5b-9f59c57be368",
    "data": [
      {
        "text": "allo",
        "userDefined": false
      }
    ],
    "isTemplate": false,
    "count": 0,
    "updated": 0
  },
  {
    "id": "6894975e-8e6c-4506-b1c9-a6c57bedcd72",
    "data": [
      {
        "text": "coucou",
        "userDefined": false
      }
    ],
    "isTemplate": false,
    "count": 0,
    "updated": 0
  },
  {
    "id": "6e36a5bf-104a-4e1b-80c6-a3cfc43b61a5",
    "data": [
      {
        "text": "hey",
        "userDefined": false
      }
    ],
    "isTemplate": false,
    "count": 0,
    "updated": 0
  },
  {
    "id": "4069b34c-6782-465a-99a0-7329845d041d",
    "data": [
      {
        "text": "hé",
        "userDefined": false
      }
    ],
    "isTemplate": false,
    "count": 0,
    "updated": 0
  },
  {
    "id": "029408b8-6e40-4f5e-adee-fd871ddbcaf3",
    "data": [
      {
        "text": "resalut",
        "userDefined": false
      }
    ],
    "isTemplate": false,
    "count": 0,
    "updated": 0
  },
  {
    "id": "bbb7bb94-acaf-4920-a57e-dfb0b9c2f92b",
    "data": [
      {
        "text": "salut",
        "userDefined": false
      }
    ],
    "isTemplate": false,
    "count": 0,
    "updated": 0
  },
  {
    "id": "9924443c-86e1-4e2e-9e31-ff6a8199b20b",
    "data": [
      {
        "text": "re salut",
        "userDefined": false
      }
    ],
    "isTemplate": false,
    "count": 0,
    "updated": 0
  },
  {
    "id": "ca7de48e-bd74-4e77-afc7-8562debc9b49",
    "data": [
      {
        "text": "salut à tous",
        "userDefined": false
      }
    ],
    "isTemplate": false,
    "count": 0,
    "updated": 0
  },
  {
    "id": "6a25d4a9-b774-4fee-ae9e-0d0e814d1153",
    "data": [
      {
        "text": "bonjour",
        "userDefined": false
      }
    ],
    "isTemplate": false,
    "count": 0,
    "updated": 0
  }
]