[
  {
    "id": "6d720411-9ef3-41b6-b40e-e729f70d3ce4",
    "data": [
      {
        "text": "Je veux voyager via ",
        "userDefined": false
      },
      {
        "text": "American Airlines",
        "alias": "Compagnies_aeriennes",
        "meta": "@Compagnies_aeriennes",
        "userDefined": false
      },
      {
        "text": " de ",
        "userDefined": false
      },
      {
        "text": "Los Angeles",
        "alias": "ville-source",
        "meta": "@sys.geo-city",
        "userDefined": false
      },
      {
        "text": " à ",
        "userDefined": false
      },
      {
        "text": "San Francisco",
        "alias": "villededestination",
        "meta": "@sys.geo-city",
        "userDefined": false
      }
    ],
    "isTemplate": false,
    "count": 0,
    "updated": 0
  },
  {
    "id": "a5f8fb8f-9915-4c0c-85d1-e9e9cf916643",
    "data": [
      {
        "text": "Guide de voyage de ",
        "userDefined": false
      },
      {
        "text": "Chicago",
        "alias": "ville-source",
        "meta": "@sys.geo-city",
        "userDefined": false
      },
      {
        "text": " à ",
        "userDefined": false
      },
      {
        "text": "Boston",
        "alias": "villededestination",
        "meta": "@sys.geo-city",
        "userDefined": false
      }
    ],
    "isTemplate": false,
    "count": 0,
    "updated": 0
  },
  {
    "id": "e88b5af8-2ef9-4a1d-a2aa-4e1a96a3af8f",
    "data": [
      {
        "text": "Aidez-moi avec les options de voyage de ",
        "userDefined": false
      },
      {
        "text": "Las Vegas",
        "alias": "ville-source",
        "meta": "@sys.geo-city",
        "userDefined": false
      },
      {
        "text": " à ",
        "userDefined": false
      },
      {
        "text": "Brooklyn",
        "alias": "villededestination",
        "meta": "@sys.geo-city",
        "userDefined": true
      }
    ],
    "isTemplate": false,
    "count": 0,
    "updated": 0
  },
  {
    "id": "3843bfd3-8374-446b-aa90-939900272ace",
    "data": [
      {
        "text": "Je veux explorer les options touristiques à ",
        "userDefined": false
      },
      {
        "text": "Las Vegas",
        "alias": "villededestination",
        "meta": "@sys.geo-city",
        "userDefined": true
      }
    ],
    "isTemplate": false,
    "count": 0,
    "updated": 0
  },
  {
    "id": "c8d1bab9-3119-4d91-bd29-6356cc131740",
    "data": [
      {
        "text": "Je veux réserver ",
        "userDefined": false
      },
      {
        "text": "un",
        "meta": "@sys.ignore",
        "userDefined": false
      },
      {
        "text": " ",
        "userDefined": false
      },
      {
        "text": "vol",
        "alias": "Travel_option",
        "meta": "@Travel_option",
        "userDefined": true
      },
      {
        "text": " de ",
        "userDefined": false
      },
      {
        "text": "Chicago",
        "alias": "ville-source",
        "meta": "@sys.geo-city",
        "userDefined": false
      },
      {
        "text": " à ",
        "userDefined": false
      },
      {
        "text": "Los Angeles",
        "alias": "villededestination",
        "meta": "@sys.geo-city",
        "userDefined": false
      }
    ],
    "isTemplate": false,
    "count": 0,
    "updated": 0
  }
]