[
  {
    "id": "d5791f04-f8b2-4bdd-9be8-e802901cad83",
    "data": [
      {
        "text": "J\u0027ai besoin d\u0027",
        "userDefined": false
      },
      {
        "text": "un",
        "meta": "@sys.ignore",
        "userDefined": false
      },
      {
        "text": " logement",
        "userDefined": false
      }
    ],
    "isTemplate": false,
    "count": 0,
    "updated": 0
  },
  {
    "id": "1f7b17d3-ddd5-4a0e-8fcd-b27adbcf8773",
    "data": [
      {
        "text": "Réservation d\u0027hotel",
        "userDefined": false
      }
    ],
    "isTemplate": false,
    "count": 0,
    "updated": 0
  },
  {
    "id": "6ddd18d0-f1cd-4e4f-9cb5-8764d2408752",
    "data": [
      {
        "text": "Je veux réserver ",
        "userDefined": false
      },
      {
        "text": "un",
        "meta": "@sys.ignore",
        "userDefined": false
      },
      {
        "text": " hôtel",
        "userDefined": false
      }
    ],
    "isTemplate": false,
    "count": 0,
    "updated": 0
  },
  {
    "id": "c37303ce-5ea9-4572-911f-c2d91d4a8141",
    "data": [
      {
        "text": "Réserver ",
        "userDefined": false
      },
      {
        "text": "un",
        "meta": "@sys.ignore",
        "userDefined": false
      },
      {
        "text": " hôtel",
        "userDefined": false
      }
    ],
    "isTemplate": false,
    "count": 0,
    "updated": 0
  },
  {
    "id": "fca92baf-512b-4ca3-82f9-82001df311bf",
    "data": [
      {
        "text": "Quels sont les différents hôtels disponibles",
        "userDefined": false
      }
    ],
    "isTemplate": false,
    "count": 0,
    "updated": 0
  },
  {
    "id": "e1b74485-c9f7-4551-a044-2417d15b50bb",
    "data": [
      {
        "text": "Je veux réserver ",
        "userDefined": false
      },
      {
        "text": "une",
        "meta": "@sys.ignore",
        "userDefined": false
      },
      {
        "text": " chambre ",
        "userDefined": false
      },
      {
        "text": "simple",
        "alias": "Room_type",
        "meta": "@Room_type",
        "userDefined": true
      },
      {
        "text": " à l\u0027hôtel ",
        "userDefined": false
      },
      {
        "text": "Hyatt",
        "alias": "Hotel_name",
        "meta": "@Hotel_name",
        "userDefined": false
      },
      {
        "text": " pour ",
        "userDefined": false
      },
      {
        "text": "3 nuits et 2 jours",
        "alias": "Duration",
        "meta": "@Duration",
        "userDefined": true
      }
    ],
    "isTemplate": false,
    "count": 0,
    "updated": 0
  },
  {
    "id": "6f7d712f-615a-4585-8192-46781d083b47",
    "data": [
      {
        "text": "Je veux réserver ",
        "userDefined": false
      },
      {
        "text": "un",
        "meta": "@sys.ignore",
        "userDefined": false
      },
      {
        "text": " hôtel du ",
        "userDefined": false
      },
      {
        "text": "10 octobre 2019",
        "alias": "from-date",
        "meta": "@sys.date",
        "userDefined": true
      },
      {
        "text": " au ",
        "userDefined": false
      },
      {
        "text": "12 octobre 2019",
        "alias": "to-date",
        "meta": "@sys.date",
        "userDefined": true
      }
    ],
    "isTemplate": false,
    "count": 0,
    "updated": 0
  }
]