[
  {
    "id": "c3766abf-2ff6-4edb-a966-962573f43137",
    "data": [
      {
        "text": "I want to travel from ",
        "userDefined": false
      },
      {
        "text": "UK",
        "alias": "from-location",
        "meta": "@sys.geo-country",
        "userDefined": false
      },
      {
        "text": " to ",
        "userDefined": false
      },
      {
        "text": "USA",
        "alias": "to-location",
        "meta": "@sys.geo-country",
        "userDefined": true
      }
    ],
    "isTemplate": false,
    "count": 0,
    "updated": 0
  },
  {
    "id": "3f752113-0c67-448a-bbd6-6d040bd49b6f",
    "data": [
      {
        "text": "help me to travel options from ",
        "userDefined": false
      },
      {
        "text": "india",
        "alias": "from-location",
        "meta": "@sys.geo-country",
        "userDefined": false
      },
      {
        "text": " to ",
        "userDefined": false
      },
      {
        "text": "uk",
        "alias": "to-location",
        "meta": "@sys.geo-country",
        "userDefined": true
      }
    ],
    "isTemplate": false,
    "count": 0,
    "updated": 0
  },
  {
    "id": "4aabfbd2-f880-4b6d-bea4-44db23efb350",
    "data": [
      {
        "text": "travel from ",
        "userDefined": false
      },
      {
        "text": "united states",
        "alias": "from-location",
        "meta": "@sys.geo-country",
        "userDefined": false
      },
      {
        "text": " to ",
        "userDefined": false
      },
      {
        "text": "india",
        "alias": "to-location",
        "meta": "@sys.geo-country",
        "userDefined": true
      }
    ],
    "isTemplate": false,
    "count": 0,
    "updated": 0
  }
]