[
  {
    "id": "a661efd5-2637-4c7c-8237-ed30333c21b6",
    "data": [
      {
        "text": "Service de taxi",
        "userDefined": false
      }
    ],
    "isTemplate": false,
    "count": 0,
    "updated": 0
  },
  {
    "id": "c3ffcdc1-daf4-405b-afdd-b15d1d529f0b",
    "data": [
      {
        "text": "Je veux réserver ",
        "userDefined": false
      },
      {
        "text": "un",
        "meta": "@sys.ignore",
        "userDefined": false
      },
      {
        "text": " taxi de ",
        "userDefined": false
      },
      {
        "text": "Manchester",
        "alias": "from-city",
        "meta": "@sys.geo-city",
        "userDefined": false
      },
      {
        "text": " à ",
        "userDefined": false
      },
      {
        "text": "Londres",
        "alias": "to-city",
        "meta": "@sys.geo-city",
        "userDefined": false
      },
      {
        "text": " à ",
        "userDefined": false
      },
      {
        "text": "17h",
        "alias": "time",
        "meta": "@sys.time",
        "userDefined": true
      }
    ],
    "isTemplate": false,
    "count": 0,
    "updated": 0
  },
  {
    "id": "57c89e4b-05f8-4243-b042-42e75c5a55a3",
    "data": [
      {
        "text": "Montrez-moi quelques détails de la cabine",
        "userDefined": false
      }
    ],
    "isTemplate": false,
    "count": 0,
    "updated": 0
  },
  {
    "id": "7389ded0-ceb2-44f9-a17d-dd05d534ff9e",
    "data": [
      {
        "text": "Je veux me rendre à l\u0027aéroport en utilisant ",
        "userDefined": false
      },
      {
        "text": "OLA",
        "alias": "Cab_vendor",
        "meta": "@Cab_vendor",
        "userDefined": false
      },
      {
        "text": ".",
        "userDefined": false
      }
    ],
    "isTemplate": false,
    "count": 0,
    "updated": 0
  }
]