[
  {
    "id": "b03d9dd3-7e54-47bc-8594-7ffd910958ad",
    "data": [
      {
        "text": "What is your Name?",
        "userDefined": false
      }
    ],
    "isTemplate": false,
    "count": 0,
    "updated": 0
  },
  {
    "id": "2f52cb88-0405-4844-90a1-51851619daaf",
    "data": [
      {
        "text": "How are you?",
        "userDefined": false
      }
    ],
    "isTemplate": false,
    "count": 0,
    "updated": 0
  },
  {
    "id": "b2a86c03-8a80-48b9-98a8-439129c7fc38",
    "data": [
      {
        "text": "What are you doing?",
        "userDefined": false
      }
    ],
    "isTemplate": false,
    "count": 0,
    "updated": 0
  },
  {
    "id": "0e1e4f81-8183-4b38-9710-a4468710ad54",
    "data": [
      {
        "text": "What is your favorite color?",
        "userDefined": false
      }
    ],
    "isTemplate": false,
    "count": 0,
    "updated": 0
  }
]