[
  {
    "id": "f93197ed-4fbb-40f9-a715-f61641761056",
    "data": [
      {
        "text": "I want to book a ",
        "userDefined": false
      },
      {
        "text": "flight",
        "alias": "Travel_option",
        "meta": "@Travel_option",
        "userDefined": false
      },
      {
        "text": " from ",
        "userDefined": false
      },
      {
        "text": "Chicago",
        "alias": "source-city",
        "meta": "@sys.geo-city",
        "userDefined": false
      },
      {
        "text": " to ",
        "userDefined": false
      },
      {
        "text": "Los Angeles",
        "alias": "destination-city",
        "meta": "@sys.geo-city",
        "userDefined": false
      }
    ],
    "isTemplate": false,
    "count": 0,
    "updated": 0
  },
  {
    "id": "08d99a9c-a463-4f73-9ace-5270fe541f49",
    "data": [
      {
        "text": "I want to explore tourism options in ",
        "userDefined": false
      },
      {
        "text": "Las Vegas",
        "alias": "destination-city",
        "meta": "@sys.geo-city",
        "userDefined": true
      }
    ],
    "isTemplate": false,
    "count": 0,
    "updated": 0
  },
  {
    "id": "ebf10836-ad6e-4122-9d10-431f5590b50e",
    "data": [
      {
        "text": "Help me with travel options from ",
        "userDefined": false
      },
      {
        "text": "Las Vegas",
        "alias": "source-city",
        "meta": "@sys.geo-city",
        "userDefined": false
      },
      {
        "text": " to ",
        "userDefined": false
      },
      {
        "text": "Brooklyn",
        "alias": "destination-city",
        "meta": "@sys.geo-city",
        "userDefined": false
      }
    ],
    "isTemplate": false,
    "count": 0,
    "updated": 0
  },
  {
    "id": "c1894a8c-74ee-4018-9aaf-6ab5ab5240d0",
    "data": [
      {
        "text": "Travel guide from ",
        "userDefined": false
      },
      {
        "text": "Chicago",
        "alias": "source-city",
        "meta": "@sys.geo-city",
        "userDefined": false
      },
      {
        "text": " to ",
        "userDefined": false
      },
      {
        "text": "Boston",
        "alias": "destination-city",
        "meta": "@sys.geo-city",
        "userDefined": false
      }
    ],
    "isTemplate": false,
    "count": 0,
    "updated": 0
  },
  {
    "id": "5808149a-1cdf-42f5-af55-97038a3abf49",
    "data": [
      {
        "text": "I want to travel via ",
        "userDefined": false
      },
      {
        "text": "American Airlines",
        "alias": "airlines",
        "meta": "@Airlines",
        "userDefined": false
      },
      {
        "text": " from ",
        "userDefined": false
      },
      {
        "text": "Los Angeles",
        "alias": "source-city",
        "meta": "@sys.geo-city",
        "userDefined": false
      },
      {
        "text": " to ",
        "userDefined": false
      },
      {
        "text": "San Francisco",
        "alias": "destination-city",
        "meta": "@sys.geo-city",
        "userDefined": false
      }
    ],
    "isTemplate": false,
    "count": 1,
    "updated": 0
  }
]