[
  {
    "id": "b41a44f4-933a-4283-9a9d-12fc4abadff4",
    "data": [
      {
        "text": "I need an Accommodation",
        "userDefined": false
      }
    ],
    "isTemplate": false,
    "count": 0,
    "updated": 0
  },
  {
    "id": "5dabf2dd-6684-4428-b1a9-18fc2003a6b1",
    "data": [
      {
        "text": "Hotel Booking",
        "userDefined": false
      }
    ],
    "isTemplate": false,
    "count": 0,
    "updated": 0
  },
  {
    "id": "f030676b-192f-4d4c-8c47-4fb40bf12ecf",
    "data": [
      {
        "text": "I want to Book a Hotel",
        "userDefined": false
      }
    ],
    "isTemplate": false,
    "count": 0,
    "updated": 0
  },
  {
    "id": "506dfc69-81ee-444d-9b0a-3209e187ccb0",
    "data": [
      {
        "text": "Book a Hotel",
        "userDefined": false
      }
    ],
    "isTemplate": false,
    "count": 0,
    "updated": 0
  },
  {
    "id": "e2c8d0dc-6506-4094-9039-a550c4941345",
    "data": [
      {
        "text": "What are different Hotels Available",
        "userDefined": false
      }
    ],
    "isTemplate": false,
    "count": 0,
    "updated": 0
  },
  {
    "id": "b94f73dd-27d7-4c3d-9bef-5e2bfb9583fe",
    "data": [
      {
        "text": "I want to book ",
        "userDefined": false
      },
      {
        "text": "single",
        "alias": "Room_type",
        "meta": "@Room_type",
        "userDefined": false
      },
      {
        "text": " room in ",
        "userDefined": false
      },
      {
        "text": "Hyatt",
        "alias": "Hotel_name",
        "meta": "@Hotel_name",
        "userDefined": true
      },
      {
        "text": " hotel for ",
        "userDefined": false
      },
      {
        "text": "3 nights 2 days",
        "alias": "Duration",
        "meta": "@Duration",
        "userDefined": true
      }
    ],
    "isTemplate": false,
    "count": 0,
    "updated": 0
  },
  {
    "id": "4c04132a-cb42-4a2a-9658-fa07359a2106",
    "data": [
      {
        "text": "I want to book a hotel from ",
        "userDefined": false
      },
      {
        "text": "10th oct 2019",
        "alias": "from-date",
        "meta": "@sys.date",
        "userDefined": true
      },
      {
        "text": " to ",
        "userDefined": false
      },
      {
        "text": "12th oct 2019",
        "alias": "to-date",
        "meta": "@sys.date",
        "userDefined": true
      }
    ],
    "isTemplate": false,
    "count": 0,
    "updated": 0
  }
]