[
  {
    "id": "22561411-b5f3-4676-8722-847c065e418e",
    "data": [
      {
        "text": "I want to book a cab from ",
        "userDefined": false
      },
      {
        "text": "Manchester",
        "alias": "from-city",
        "meta": "@sys.geo-city",
        "userDefined": false
      },
      {
        "text": " to ",
        "userDefined": false
      },
      {
        "text": "London",
        "alias": "to-city",
        "meta": "@sys.geo-city",
        "userDefined": false
      },
      {
        "text": " at ",
        "userDefined": false
      },
      {
        "text": "5pm",
        "alias": "time",
        "meta": "@sys.time",
        "userDefined": true
      }
    ],
    "isTemplate": false,
    "count": 0,
    "updated": 0
  },
  {
    "id": "2e43f2fa-20f4-4f67-bdb4-fd29a4860a2e",
    "data": [
      {
        "text": "Cab Service",
        "userDefined": false
      }
    ],
    "isTemplate": false,
    "count": 0,
    "updated": 0
  },
  {
    "id": "7127a878-decc-44ad-80fc-f208cb75c755",
    "data": [
      {
        "text": "Show me some Cab details",
        "userDefined": false
      }
    ],
    "isTemplate": false,
    "count": 0,
    "updated": 0
  },
  {
    "id": "73c313bd-74f4-4b66-b15c-b57810b48de0",
    "data": [
      {
        "text": "I want to travel to airport using ",
        "userDefined": false
      },
      {
        "text": "OLA",
        "alias": "Cab_vendor",
        "meta": "@Cab_vendor",
        "userDefined": true
      },
      {
        "text": ".",
        "userDefined": false
      }
    ],
    "isTemplate": false,
    "count": 0,
    "updated": 0
  }
]