[
  {
    "id": "843eb7ca-c8ab-4bf7-ad88-cb0fa815407c",
    "data": [
      {
        "text": "tell me about weather in ",
        "userDefined": false
      },
      {
        "text": "delhi",
        "alias": "geo-city",
        "meta": "@sys.geo-city",
        "userDefined": false
      }
    ],
    "isTemplate": false,
    "count": 0,
    "updated": 0
  },
  {
    "id": "3ff8939f-4764-499a-aa3b-9df4f1c2aa6f",
    "data": [
      {
        "text": "What is weather forecast in ",
        "userDefined": false
      },
      {
        "text": "Location",
        "alias": "geo-city",
        "meta": "@sys.geo-city",
        "userDefined": true
      },
      {
        "text": "?",
        "userDefined": false
      }
    ],
    "isTemplate": false,
    "count": 0,
    "updated": 0
  },
  {
    "id": "9eed20be-a0f7-406b-a3a9-938fb0fa1255",
    "data": [
      {
        "text": "How is Climate ",
        "userDefined": false
      },
      {
        "text": "Today",
        "meta": "@sys.ignore",
        "userDefined": false
      },
      {
        "text": "?",
        "userDefined": false
      }
    ],
    "isTemplate": false,
    "count": 0,
    "updated": 0
  },
  {
    "id": "2cda3458-71d0-49f0-8019-ec5fec73e4a5",
    "data": [
      {
        "text": "Tell me about Weather",
        "userDefined": false
      }
    ],
    "isTemplate": false,
    "count": 0,
    "updated": 0
  },
  {
    "id": "d87e9170-9928-440f-9ac9-84a205e1b9bb",
    "data": [
      {
        "text": "How is Weather in ",
        "userDefined": false
      },
      {
        "text": "Location",
        "alias": "geo-city",
        "meta": "@sys.geo-city",
        "userDefined": true
      },
      {
        "text": "?",
        "userDefined": false
      }
    ],
    "isTemplate": false,
    "count": 0,
    "updated": 0
  },
  {
    "id": "3d3cbdcb-21ec-4ead-a14b-3672b0117dd4",
    "data": [
      {
        "text": "How is the Weather ",
        "userDefined": false
      },
      {
        "text": "Today",
        "meta": "@sys.ignore",
        "userDefined": false
      },
      {
        "text": "?",
        "userDefined": false
      }
    ],
    "isTemplate": false,
    "count": 0,
    "updated": 0
  }
]