[
  {
    "id": "886bef4b-4e22-49d0-905f-9c098b758062",
    "data": [
      {
        "text": "I really liked hotel options provided by you.",
        "userDefined": false
      }
    ],
    "isTemplate": false,
    "count": 0,
    "updated": 0
  },
  {
    "id": "ec3d7852-c712-445d-ba4f-7fb15b7b5db7",
    "data": [
      {
        "text": "Thanks for your service. But I didn\u0027t like cab options.",
        "userDefined": false
      }
    ],
    "isTemplate": false,
    "count": 0,
    "updated": 0
  }
]