[
  {
    "id": "6c027bc1-ef7a-4cfc-b50c-1081e8c14ca7",
    "data": [
      {
        "text": "Thanks for your service. But I didn\u0027t like cab options.",
        "userDefined": false
      }
    ],
    "isTemplate": false,
    "count": 1,
    "updated": 0
  },
  {
    "id": "8df59bab-9e37-486b-b8d7-cccd9f09dcdd",
    "data": [
      {
        "text": "I really liked hotel options provided by you.",
        "userDefined": false
      }
    ],
    "isTemplate": false,
    "count": 0,
    "updated": 0
  }
]